X,Y,Z,x,y,z,w
1.3661,0.27332,-0.09536,0.29518,0.79266,0.19416,0.49685
1.3642210526315792,0.27250372576177284,-0.09536,0.29518,0.79266,0.19416,0.49685
1.3623421052631581,0.27168745152354573,-0.09536,0.29518,0.79266,0.19416,0.49685
1.360463157894737,0.27087117728531857,-0.09536,0.29518,0.79266,0.19416,0.49685
1.3585842105263157,0.27005490304709145,-0.09536,0.29518,0.79266,0.19416,0.49685
1.3567052631578949,0.2692386288088643,-0.09536000000000001,0.29518,0.79266,0.19416,0.49685
1.3548263157894738,0.2684223545706371,-0.09536,0.29518,0.79266,0.19416,0.49685
1.3529473684210527,0.26760608033240996,-0.09536,0.29518,0.79266,0.19416,0.49685
1.3510684210526316,0.26678980609418285,-0.09536,0.29518,0.79266,0.19416,0.49685
1.3491894736842107,0.26597353185595574,-0.09536,0.29518,0.79266,0.19416,0.49685
1.3473105263157894,0.26515725761772857,-0.09536,0.29518,0.79266,0.19416,0.49685
1.3454315789473685,0.2643409833795014,-0.09536,0.29518,0.79266,0.19416,0.49685
1.3435526315789474,0.26352470914127424,-0.09536,0.29518,0.79266,0.19416,0.49685
1.3416736842105264,0.2627084349030471,-0.09536,0.29518,0.79266,0.19416,0.49685
1.3397947368421053,0.26189216066481996,-0.09536,0.29518,0.79266,0.19416,0.49685
1.3379157894736844,0.26107588642659285,-0.09536,0.29518,0.79266,0.19416,0.49685
1.336036842105263,0.2602596121883657,-0.09536,0.29518,0.79266,0.19416,0.49685
1.334157894736842,0.2594433379501385,-0.09536,0.29518,0.79266,0.19416,0.49685
1.3322789473684211,0.2586270637119114,-0.09536,0.29518,0.79266,0.19416,0.49685
1.3304,0.25781078947368424,-0.09536,0.29518,0.79266,0.19416,0.49685
1.3304,0.25781078947368424,-0.09536,0.29518,0.79266,0.19416,0.49685
1.3322789473684213,0.25699451523545713,-0.09536,0.29518,0.79266,0.19416,0.49685
1.334157894736842,0.2561782409972299,-0.09536,0.29518,0.79266,0.19416,0.49685
1.336036842105263,0.2553619667590028,-0.09536,0.29518,0.79266,0.19416,0.49685
1.3379157894736844,0.25454569252077563,-0.09536,0.29518,0.79266,0.19416,0.49685
1.3397947368421053,0.25372941828254847,-0.09536000000000001,0.29518,0.79266,0.19416,0.49685
1.3416736842105264,0.25291314404432136,-0.09536,0.29518,0.79266,0.19416,0.49685
1.3435526315789472,0.2520968698060942,-0.09536,0.29518,0.79266,0.19416,0.49685
1.3454315789473685,0.251280595567867,-0.09536,0.29518,0.79266,0.19416,0.49685
1.3473105263157896,0.2504643213296399,-0.09536,0.29518,0.79266,0.19416,0.49685
1.3491894736842105,0.24964804709141275,-0.09536,0.29518,0.79266,0.19416,0.49685
1.3510684210526316,0.24883177285318558,-0.09536,0.29518,0.79266,0.19416,0.49685
1.3529473684210527,0.24801549861495845,-0.09536,0.29518,0.79266,0.19416,0.49685
1.3548263157894738,0.2471992243767313,-0.09536,0.29518,0.79266,0.19416,0.49685
1.3567052631578949,0.24638295013850414,-0.09536,0.29518,0.79266,0.19416,0.49685
1.3585842105263157,0.245566675900277,-0.09536,0.29518,0.79266,0.19416,0.49685
1.360463157894737,0.24475040166204987,-0.09536,0.29518,0.79266,0.19416,0.49685
1.3623421052631581,0.24393412742382273,-0.09536,0.29518,0.79266,0.19416,0.49685
1.364221052631579,0.24311785318559556,-0.09536,0.29518,0.79266,0.19416,0.49685
1.3661,0.24230157894736842,-0.09536,0.29518,0.79266,0.19416,0.49685
1.3661,0.24230157894736842,-0.09536,0.29518,0.79266,0.19416,0.49685
1.3642210526315792,0.24148530470914129,-0.09536,0.29518,0.79266,0.19416,0.49685
1.3623421052631581,0.24066903047091412,-0.09536,0.29518,0.79266,0.19416,0.49685
1.360463157894737,0.23985275623268698,-0.09536,0.29518,0.79266,0.19416,0.49685
1.3585842105263157,0.23903648199445982,-0.09536,0.29518,0.79266,0.19416,0.49685
1.3567052631578949,0.2382202077562327,-0.09536000000000001,0.29518,0.79266,0.19416,0.49685
1.3548263157894738,0.23740393351800554,-0.09536,0.29518,0.79266,0.19416,0.49685
1.3529473684210527,0.23658765927977837,-0.09536,0.29518,0.79266,0.19416,0.49685
1.3510684210526316,0.23577138504155123,-0.09536,0.29518,0.79266,0.19416,0.49685
1.3491894736842107,0.2349551108033241,-0.09536,0.29518,0.79266,0.19416,0.49685
1.3473105263157894,0.23413883656509696,-0.09536,0.29518,0.79266,0.19416,0.49685
1.3454315789473685,0.23332256232686982,-0.09536,0.29518,0.79266,0.19416,0.49685
1.3435526315789474,0.23250628808864265,-0.09536,0.29518,0.79266,0.19416,0.49685
1.3416736842105264,0.2316900138504155,-0.09536,0.29518,0.79266,0.19416,0.49685
1.3397947368421053,0.23087373961218838,-0.09536,0.29518,0.79266,0.19416,0.49685
1.3379157894736844,0.2300574653739612,-0.09536,0.29518,0.79266,0.19416,0.49685
1.336036842105263,0.22924119113573407,-0.09536,0.29518,0.79266,0.19416,0.49685
1.334157894736842,0.22842491689750694,-0.09536,0.29518,0.79266,0.19416,0.49685
1.3322789473684211,0.22760864265927977,-0.09536,0.29518,0.79266,0.19416,0.49685
1.3304,0.22679236842105263,-0.09536,0.29518,0.79266,0.19416,0.49685
1.3304,0.22679236842105263,-0.09536,0.29518,0.79266,0.19416,0.49685
1.3322789473684213,0.2259760941828255,-0.09536,0.29518,0.79266,0.19416,0.49685
1.334157894736842,0.22515981994459836,-0.09536,0.29518,0.79266,0.19416,0.49685
1.336036842105263,0.22434354570637116,-0.09536,0.29518,0.79266,0.19416,0.49685
1.3379157894736844,0.22352727146814402,-0.09536,0.29518,0.79266,0.19416,0.49685
1.3397947368421053,0.2227109972299169,-0.09536000000000001,0.29518,0.79266,0.19416,0.49685
1.3416736842105264,0.22189472299168975,-0.09536,0.29518,0.79266,0.19416,0.49685
1.3435526315789472,0.2210784487534626,-0.09536,0.29518,0.79266,0.19416,0.49685
1.3454315789473685,0.22026217451523544,-0.09536,0.29518,0.79266,0.19416,0.49685
1.3473105263157896,0.21944590027700833,-0.09536,0.29518,0.79266,0.19416,0.49685
1.3491894736842105,0.21862962603878117,-0.09536,0.29518,0.79266,0.19416,0.49685
1.3510684210526316,0.217813351800554,-0.09536,0.29518,0.79266,0.19416,0.49685
1.3529473684210527,0.2169970775623269,-0.09536,0.29518,0.79266,0.19416,0.49685
1.3548263157894738,0.21618080332409972,-0.09536,0.29518,0.79266,0.19416,0.49685
1.3567052631578949,0.21536452908587256,-0.09536,0.29518,0.79266,0.19416,0.49685
1.3585842105263157,0.21454825484764545,-0.09536,0.29518,0.79266,0.19416,0.49685
1.360463157894737,0.21373198060941828,-0.09536,0.29518,0.79266,0.19416,0.49685
1.3623421052631581,0.21291570637119112,-0.09536,0.29518,0.79266,0.19416,0.49685
1.364221052631579,0.212099432132964,-0.09536,0.29518,0.79266,0.19416,0.49685
1.3661,0.21128315789473684,-0.09536,0.29518,0.79266,0.19416,0.49685
1.3661,0.21128315789473684,-0.09536,0.29518,0.79266,0.19416,0.49685
1.3642210526315792,0.21046688365650973,-0.09536,0.29518,0.79266,0.19416,0.49685
1.3623421052631581,0.20965060941828254,-0.09536,0.29518,0.79266,0.19416,0.49685
1.360463157894737,0.2088343351800554,-0.09536,0.29518,0.79266,0.19416,0.49685
1.3585842105263157,0.20801806094182826,-0.09536,0.29518,0.79266,0.19416,0.49685
1.3567052631578949,0.20720178670360112,-0.09536000000000001,0.29518,0.79266,0.19416,0.49685
1.3548263157894738,0.20638551246537395,-0.09536,0.29518,0.79266,0.19416,0.49685
1.3529473684210527,0.20556923822714682,-0.09536,0.29518,0.79266,0.19416,0.49685
1.3510684210526316,0.20475296398891968,-0.09536,0.29518,0.79266,0.19416,0.49685
1.3491894736842107,0.20393668975069254,-0.09536,0.29518,0.79266,0.19416,0.49685
1.3473105263157894,0.2031204155124654,-0.09536,0.29518,0.79266,0.19416,0.49685
1.3454315789473685,0.20230414127423824,-0.09536,0.29518,0.79266,0.19416,0.49685
1.3435526315789474,0.20148786703601107,-0.09536,0.29518,0.79266,0.19416,0.49685
1.3416736842105264,0.20067159279778396,-0.09536,0.29518,0.79266,0.19416,0.49685
1.3397947368421053,0.1998553185595568,-0.09536,0.29518,0.79266,0.19416,0.49685
1.3379157894736844,0.19903904432132966,-0.09536,0.29518,0.79266,0.19416,0.49685
1.336036842105263,0.19822277008310252,-0.09536,0.29518,0.79266,0.19416,0.49685
1.334157894736842,0.19740649584487538,-0.09536,0.29518,0.79266,0.19416,0.49685
1.3322789473684211,0.1965902216066482,-0.09536,0.29518,0.79266,0.19416,0.49685
1.3304,0.19577394736842108,-0.09536,0.29518,0.79266,0.19416,0.49685
1.3304,0.19577394736842108,-0.09536,0.29518,0.79266,0.19416,0.49685
1.3322789473684213,0.19495767313019394,-0.09536,0.29518,0.79266,0.19416,0.49685
1.334157894736842,0.19414139889196677,-0.09536,0.29518,0.79266,0.19416,0.49685
1.336036842105263,0.19332512465373963,-0.09536,0.29518,0.79266,0.19416,0.49685
1.3379157894736844,0.1925088504155125,-0.09536,0.29518,0.79266,0.19416,0.49685
1.3397947368421053,0.19169257617728536,-0.09536000000000001,0.29518,0.79266,0.19416,0.49685
1.3416736842105264,0.1908763019390582,-0.09536,0.29518,0.79266,0.19416,0.49685
1.3435526315789472,0.19006002770083102,-0.09536,0.29518,0.79266,0.19416,0.49685
1.3454315789473685,0.1892437534626039,-0.09536,0.29518,0.79266,0.19416,0.49685
1.3473105263157896,0.18842747922437675,-0.09536,0.29518,0.79266,0.19416,0.49685
1.3491894736842105,0.18761120498614958,-0.09536,0.29518,0.79266,0.19416,0.49685
1.3510684210526316,0.18679493074792244,-0.09536,0.29518,0.79266,0.19416,0.49685
1.3529473684210527,0.1859786565096953,-0.09536,0.29518,0.79266,0.19416,0.49685
1.3548263157894738,0.18516238227146814,-0.09536,0.29518,0.79266,0.19416,0.49685
1.3567052631578949,0.184346108033241,-0.09536,0.29518,0.79266,0.19416,0.49685
1.3585842105263157,0.18352983379501384,-0.09536,0.29518,0.79266,0.19416,0.49685
1.360463157894737,0.1827135595567867,-0.09536,0.29518,0.79266,0.19416,0.49685
1.3623421052631581,0.18189728531855956,-0.09536,0.29518,0.79266,0.19416,0.49685
1.364221052631579,0.1810810110803324,-0.09536,0.29518,0.79266,0.19416,0.49685
1.3661,0.18026473684210526,-0.09536,0.29518,0.79266,0.19416,0.49685
1.3661,0.18026473684210526,-0.09536,0.29518,0.79266,0.19416,0.49685
1.3642210526315792,0.17944846260387812,-0.09536,0.29518,0.79266,0.19416,0.49685
1.3623421052631581,0.17863218836565098,-0.09536,0.29518,0.79266,0.19416,0.49685
1.360463157894737,0.1778159141274238,-0.09536,0.29518,0.79266,0.19416,0.49685
1.3585842105263157,0.17699963988919667,-0.09536,0.29518,0.79266,0.19416,0.49685
1.3567052631578949,0.17618336565096954,-0.09536000000000001,0.29518,0.79266,0.19416,0.49685
1.3548263157894738,0.17536709141274237,-0.09536,0.29518,0.79266,0.19416,0.49685
1.3529473684210527,0.17455081717451523,-0.09536,0.29518,0.79266,0.19416,0.49685
1.3510684210526316,0.1737345429362881,-0.09536,0.29518,0.79266,0.19416,0.49685
1.3491894736842107,0.17291826869806096,-0.09536,0.29518,0.79266,0.19416,0.49685
1.3473105263157894,0.17210199445983382,-0.09536,0.29518,0.79266,0.19416,0.49685
1.3454315789473685,0.17128572022160665,-0.09536,0.29518,0.79266,0.19416,0.49685
1.3435526315789474,0.1704694459833795,-0.09536,0.29518,0.79266,0.19416,0.49685
1.3416736842105264,0.16965317174515238,-0.09536,0.29518,0.79266,0.19416,0.49685
1.3397947368421053,0.1688368975069252,-0.09536,0.29518,0.79266,0.19416,0.49685
1.3379157894736844,0.16802062326869807,-0.09536,0.29518,0.79266,0.19416,0.49685
1.336036842105263,0.16720434903047093,-0.09536,0.29518,0.79266,0.19416,0.49685
1.334157894736842,0.16638807479224377,-0.09536,0.29518,0.79266,0.19416,0.49685
1.3322789473684211,0.16557180055401666,-0.09536,0.29518,0.79266,0.19416,0.49685
1.3304,0.1647555263157895,-0.09536,0.29518,0.79266,0.19416,0.49685
1.3304,0.1647555263157895,-0.09536,0.29518,0.79266,0.19416,0.49685
1.3322789473684213,0.16393925207756235,-0.09536,0.29518,0.79266,0.19416,0.49685
1.334157894736842,0.1631229778393352,-0.09536,0.29518,0.79266,0.19416,0.49685
1.336036842105263,0.16230670360110805,-0.09536,0.29518,0.79266,0.19416,0.49685
1.3379157894736844,0.16149042936288088,-0.09536,0.29518,0.79266,0.19416,0.49685
1.3397947368421053,0.16067415512465374,-0.09536000000000001,0.29518,0.79266,0.19416,0.49685
1.3416736842105264,0.1598578808864266,-0.09536,0.29518,0.79266,0.19416,0.49685
1.3435526315789472,0.15904160664819944,-0.09536,0.29518,0.79266,0.19416,0.49685
1.3454315789473685,0.1582253324099723,-0.09536,0.29518,0.79266,0.19416,0.49685
1.3473105263157896,0.15740905817174516,-0.09536,0.29518,0.79266,0.19416,0.49685
1.3491894736842105,0.156592783933518,-0.09536,0.29518,0.79266,0.19416,0.49685
1.3510684210526316,0.15577650969529086,-0.09536,0.29518,0.79266,0.19416,0.49685
1.3529473684210527,0.15496023545706372,-0.09536,0.29518,0.79266,0.19416,0.49685
1.3548263157894738,0.15414396121883656,-0.09536,0.29518,0.79266,0.19416,0.49685
1.3567052631578949,0.15332768698060942,-0.09536,0.29518,0.79266,0.19416,0.49685
1.3585842105263157,0.15251141274238225,-0.09536,0.29518,0.79266,0.19416,0.49685
1.360463157894737,0.1516951385041551,-0.09536,0.29518,0.79266,0.19416,0.49685
1.3623421052631581,0.15087886426592798,-0.09536,0.29518,0.79266,0.19416,0.49685
1.364221052631579,0.1500625900277008,-0.09536,0.29518,0.79266,0.19416,0.49685
1.3661,0.14924631578947367,-0.09536,0.29518,0.79266,0.19416,0.49685
1.3661,0.14924631578947367,-0.09536,0.29518,0.79266,0.19416,0.49685
1.3642210526315792,0.14843004155124653,-0.09536,0.29518,0.79266,0.19416,0.49685
1.3623421052631581,0.1476137673130194,-0.09536,0.29518,0.79266,0.19416,0.49685
1.360463157894737,0.14679749307479223,-0.09536,0.29518,0.79266,0.19416,0.49685
1.3585842105263157,0.1459812188365651,-0.09536,0.29518,0.79266,0.19416,0.49685
1.3567052631578949,0.14516494459833795,-0.09536000000000001,0.29518,0.79266,0.19416,0.49685
1.3548263157894738,0.1443486703601108,-0.09536,0.29518,0.79266,0.19416,0.49685
1.3529473684210527,0.14353239612188365,-0.09536,0.29518,0.79266,0.19416,0.49685
1.3510684210526316,0.1427161218836565,-0.09536,0.29518,0.79266,0.19416,0.49685
1.3491894736842107,0.14189984764542934,-0.09536,0.29518,0.79266,0.19416,0.49685
1.3473105263157894,0.14108357340720223,-0.09536,0.29518,0.79266,0.19416,0.49685
1.3454315789473685,0.14026729916897507,-0.09536,0.29518,0.79266,0.19416,0.49685
1.3435526315789474,0.13945102493074793,-0.09536,0.29518,0.79266,0.19416,0.49685
1.3416736842105264,0.1386347506925208,-0.09536,0.29518,0.79266,0.19416,0.49685
1.3397947368421053,0.13781847645429363,-0.09536,0.29518,0.79266,0.19416,0.49685
1.3379157894736844,0.1370022022160665,-0.09536,0.29518,0.79266,0.19416,0.49685
1.336036842105263,0.13618592797783935,-0.09536,0.29518,0.79266,0.19416,0.49685
1.334157894736842,0.1353696537396122,-0.09536,0.29518,0.79266,0.19416,0.49685
1.3322789473684211,0.13455337950138505,-0.09536,0.29518,0.79266,0.19416,0.49685
1.3304,0.1337371052631579,-0.09536,0.29518,0.79266,0.19416,0.49685
1.3304,0.1337371052631579,-0.09536,0.29518,0.79266,0.19416,0.49685
1.3322789473684213,0.13292083102493077,-0.09536,0.29518,0.79266,0.19416,0.49685
1.334157894736842,0.13210455678670363,-0.09536,0.29518,0.79266,0.19416,0.49685
1.336036842105263,0.13128828254847646,-0.09536,0.29518,0.79266,0.19416,0.49685
1.3379157894736844,0.13047200831024933,-0.09536,0.29518,0.79266,0.19416,0.49685
1.3397947368421053,0.1296557340720222,-0.09536000000000001,0.29518,0.79266,0.19416,0.49685
1.3416736842105264,0.12883945983379502,-0.09536,0.29518,0.79266,0.19416,0.49685
1.3435526315789472,0.12802318559556786,-0.09536,0.29518,0.79266,0.19416,0.49685
1.3454315789473685,0.12720691135734075,-0.09536,0.29518,0.79266,0.19416,0.49685
1.3473105263157896,0.12639063711911358,-0.09536,0.29518,0.79266,0.19416,0.49685
1.3491894736842105,0.12557436288088644,-0.09536,0.29518,0.79266,0.19416,0.49685
1.3510684210526316,0.12475808864265929,-0.09536,0.29518,0.79266,0.19416,0.49685
1.3529473684210527,0.12394181440443215,-0.09536,0.29518,0.79266,0.19416,0.49685
1.3548263157894738,0.123125540166205,-0.09536,0.29518,0.79266,0.19416,0.49685
1.3567052631578949,0.12230926592797786,-0.09536,0.29518,0.79266,0.19416,0.49685
1.3585842105263157,0.1214929916897507,-0.09536,0.29518,0.79266,0.19416,0.49685
1.360463157894737,0.12067671745152356,-0.09536,0.29518,0.79266,0.19416,0.49685
1.3623421052631581,0.1198604432132964,-0.09536,0.29518,0.79266,0.19416,0.49685
1.364221052631579,0.11904416897506927,-0.09536,0.29518,0.79266,0.19416,0.49685
1.3661,0.11822789473684212,-0.09536,0.29518,0.79266,0.19416,0.49685
1.3661,0.11822789473684212,-0.09536,0.29518,0.79266,0.19416,0.49685
1.3642210526315792,0.11741162049861496,-0.09536,0.29518,0.79266,0.19416,0.49685
1.3623421052631581,0.11659534626038782,-0.09536,0.29518,0.79266,0.19416,0.49685
1.360463157894737,0.11577907202216067,-0.09536,0.29518,0.79266,0.19416,0.49685
1.3585842105263157,0.11496279778393353,-0.09536,0.29518,0.79266,0.19416,0.49685
1.3567052631578949,0.1141465235457064,-0.09536000000000001,0.29518,0.79266,0.19416,0.49685
1.3548263157894738,0.11333024930747923,-0.09536,0.29518,0.79266,0.19416,0.49685
1.3529473684210527,0.11251397506925209,-0.09536,0.29518,0.79266,0.19416,0.49685
1.3510684210526316,0.11169770083102494,-0.09536,0.29518,0.79266,0.19416,0.49685
1.3491894736842107,0.11088142659279779,-0.09536,0.29518,0.79266,0.19416,0.49685
1.3473105263157894,0.11006515235457065,-0.09536,0.29518,0.79266,0.19416,0.49685
1.3454315789473685,0.1092488781163435,-0.09536,0.29518,0.79266,0.19416,0.49685
1.3435526315789474,0.10843260387811635,-0.09536,0.29518,0.79266,0.19416,0.49685
1.3416736842105264,0.10761632963988921,-0.09536,0.29518,0.79266,0.19416,0.49685
1.3397947368421053,0.10680005540166206,-0.09536,0.29518,0.79266,0.19416,0.49685
1.3379157894736844,0.10598378116343492,-0.09536,0.29518,0.79266,0.19416,0.49685
1.336036842105263,0.10516750692520777,-0.09536,0.29518,0.79266,0.19416,0.49685
1.334157894736842,0.10435123268698061,-0.09536,0.29518,0.79266,0.19416,0.49685
1.3322789473684211,0.10353495844875346,-0.09536,0.29518,0.79266,0.19416,0.49685
1.3304,0.10271868421052632,-0.09536,0.29518,0.79266,0.19416,0.49685
1.3304,0.10271868421052632,-0.09536,0.29518,0.79266,0.19416,0.49685
1.3322789473684213,0.10190240997229918,-0.09536,0.29518,0.79266,0.19416,0.49685
1.334157894736842,0.10108613573407202,-0.09536,0.29518,0.79266,0.19416,0.49685
1.336036842105263,0.10026986149584488,-0.09536,0.29518,0.79266,0.19416,0.49685
1.3379157894736844,0.09945358725761774,-0.09536,0.29518,0.79266,0.19416,0.49685
1.3397947368421053,0.0986373130193906,-0.09536000000000001,0.29518,0.79266,0.19416,0.49685
1.3416736842105264,0.09782103878116344,-0.09536,0.29518,0.79266,0.19416,0.49685
1.3435526315789472,0.09700476454293629,-0.09536,0.29518,0.79266,0.19416,0.49685
1.3454315789473685,0.09618849030470913,-0.09536,0.29518,0.79266,0.19416,0.49685
1.3473105263157896,0.09537221606648201,-0.09536,0.29518,0.79266,0.19416,0.49685
1.3491894736842105,0.09455594182825486,-0.09536,0.29518,0.79266,0.19416,0.49685
1.3510684210526316,0.09373966759002772,-0.09536,0.29518,0.79266,0.19416,0.49685
1.3529473684210527,0.09292339335180055,-0.09536,0.29518,0.79266,0.19416,0.49685
1.3548263157894738,0.09210711911357342,-0.09536,0.29518,0.79266,0.19416,0.49685
1.3567052631578949,0.09129084487534626,-0.09536,0.29518,0.79266,0.19416,0.49685
1.3585842105263157,0.09047457063711911,-0.09536,0.29518,0.79266,0.19416,0.49685
1.360463157894737,0.08965829639889197,-0.09536,0.29518,0.79266,0.19416,0.49685
1.3623421052631581,0.08884202216066484,-0.09536,0.29518,0.79266,0.19416,0.49685
1.364221052631579,0.08802574792243768,-0.09536,0.29518,0.79266,0.19416,0.49685
1.3661,0.08720947368421053,-0.09536,0.29518,0.79266,0.19416,0.49685
1.3661,0.08720947368421053,-0.09536,0.29518,0.79266,0.19416,0.49685
1.3642210526315792,0.08639319944598339,-0.09536,0.29518,0.79266,0.19416,0.49685
1.3623421052631581,0.08557692520775624,-0.09536,0.29518,0.79266,0.19416,0.49685
1.360463157894737,0.08476065096952907,-0.09536,0.29518,0.79266,0.19416,0.49685
1.3585842105263157,0.08394437673130194,-0.09536,0.29518,0.79266,0.19416,0.49685
1.3567052631578949,0.08312810249307481,-0.09536000000000001,0.29518,0.79266,0.19416,0.49685
1.3548263157894738,0.08231182825484765,-0.09536,0.29518,0.79266,0.19416,0.49685
1.3529473684210527,0.0814955540166205,-0.09536,0.29518,0.79266,0.19416,0.49685
1.3510684210526316,0.08067927977839336,-0.09536,0.29518,0.79266,0.19416,0.49685
1.3491894736842107,0.07986300554016622,-0.09536,0.29518,0.79266,0.19416,0.49685
1.3473105263157894,0.07904673130193907,-0.09536,0.29518,0.79266,0.19416,0.49685
1.3454315789473685,0.07823045706371191,-0.09536,0.29518,0.79266,0.19416,0.49685
1.3435526315789474,0.07741418282548476,-0.09536,0.29518,0.79266,0.19416,0.49685
1.3416736842105264,0.07659790858725762,-0.09536,0.29518,0.79266,0.19416,0.49685
1.3397947368421053,0.07578163434903049,-0.09536,0.29518,0.79266,0.19416,0.49685
1.3379157894736844,0.07496536011080332,-0.09536,0.29518,0.79266,0.19416,0.49685
1.336036842105263,0.07414908587257618,-0.09536,0.29518,0.79266,0.19416,0.49685
1.334157894736842,0.07333281163434903,-0.09536,0.29518,0.79266,0.19416,0.49685
1.3322789473684211,0.07251653739612189,-0.09536,0.29518,0.79266,0.19416,0.49685
1.3304,0.07170026315789474,-0.09536,0.29518,0.79266,0.19416,0.49685
1.3304,0.07170026315789474,-0.09536,0.29518,0.79266,0.19416,0.49685
1.3322789473684213,0.07088398891966759,-0.09536,0.29518,0.79266,0.19416,0.49685
1.334157894736842,0.07006771468144045,-0.09536,0.29518,0.79266,0.19416,0.49685
1.336036842105263,0.0692514404432133,-0.09536,0.29518,0.79266,0.19416,0.49685
1.3379157894736844,0.06843516620498614,-0.09536,0.29518,0.79266,0.19416,0.49685
1.3397947368421053,0.067618891966759,-0.09536000000000001,0.29518,0.79266,0.19416,0.49685
1.3416736842105264,0.06680261772853185,-0.09536,0.29518,0.79266,0.19416,0.49685
1.3435526315789472,0.0659863434903047,-0.09536,0.29518,0.79266,0.19416,0.49685
1.3454315789473685,0.06517006925207756,-0.09536,0.29518,0.79266,0.19416,0.49685
1.3473105263157896,0.06435379501385043,-0.09536,0.29518,0.79266,0.19416,0.49685
1.3491894736842105,0.06353752077562327,-0.09536,0.29518,0.79266,0.19416,0.49685
1.3510684210526316,0.06272124653739612,-0.09536,0.29518,0.79266,0.19416,0.49685
1.3529473684210527,0.06190497229916898,-0.09536,0.29518,0.79266,0.19416,0.49685
1.3548263157894738,0.061088698060941825,-0.09536,0.29518,0.79266,0.19416,0.49685
1.3567052631578949,0.06027242382271468,-0.09536,0.29518,0.79266,0.19416,0.49685
1.3585842105263157,0.059456149584487535,-0.09536,0.29518,0.79266,0.19416,0.49685
1.360463157894737,0.05863987534626039,-0.09536,0.29518,0.79266,0.19416,0.49685
1.3623421052631581,0.05782360110803324,-0.09536,0.29518,0.79266,0.19416,0.49685
1.364221052631579,0.0570073268698061,-0.09536,0.29518,0.79266,0.19416,0.49685
1.3661,0.05619105263157895,-0.09536,0.29518,0.79266,0.19416,0.49685
1.3661,0.05619105263157895,-0.09536,0.29518,0.79266,0.19416,0.49685
1.3642210526315792,0.05537477839335181,-0.09536,0.29518,0.79266,0.19416,0.49685
1.3623421052631581,0.05455850415512465,-0.09536,0.29518,0.79266,0.19416,0.49685
1.360463157894737,0.053742229916897505,-0.09536,0.29518,0.79266,0.19416,0.49685
1.3585842105263157,0.05292595567867036,-0.09536,0.29518,0.79266,0.19416,0.49685
1.3567052631578949,0.052109681440443215,-0.09536000000000001,0.29518,0.79266,0.19416,0.49685
1.3548263157894738,0.05129340720221606,-0.09536,0.29518,0.79266,0.19416,0.49685
1.3529473684210527,0.05047713296398892,-0.09536,0.29518,0.79266,0.19416,0.49685
1.3510684210526316,0.04966085872576177,-0.09536,0.29518,0.79266,0.19416,0.49685
1.3491894736842107,0.04884458448753463,-0.09536,0.29518,0.79266,0.19416,0.49685
1.3473105263157894,0.04802831024930748,-0.09536,0.29518,0.79266,0.19416,0.49685
1.3454315789473685,0.04721203601108033,-0.09536,0.29518,0.79266,0.19416,0.49685
1.3435526315789474,0.046395761772853185,-0.09536,0.29518,0.79266,0.19416,0.49685
1.3416736842105264,0.04557948753462604,-0.09536,0.29518,0.79266,0.19416,0.49685
1.3397947368421053,0.04476321329639889,-0.09536,0.29518,0.79266,0.19416,0.49685
1.3379157894736844,0.04394693905817174,-0.09536,0.29518,0.79266,0.19416,0.49685
1.336036842105263,0.0431306648199446,-0.09536,0.29518,0.79266,0.19416,0.49685
1.334157894736842,0.04231439058171745,-0.09536,0.29518,0.79266,0.19416,0.49685
1.3322789473684211,0.0414981163434903,-0.09536,0.29518,0.79266,0.19416,0.49685
1.3304,0.040681842105263155,-0.09536,0.29518,0.79266,0.19416,0.49685
1.3304,0.040681842105263155,-0.09536,0.29518,0.79266,0.19416,0.49685
1.3322789473684213,0.03986556786703601,-0.09536,0.29518,0.79266,0.19416,0.49685
1.334157894736842,0.039049293628808865,-0.09536,0.29518,0.79266,0.19416,0.49685
1.336036842105263,0.03823301939058171,-0.09536,0.29518,0.79266,0.19416,0.49685
1.3379157894736844,0.03741674515235457,-0.09536,0.29518,0.79266,0.19416,0.49685
1.3397947368421053,0.03660047091412742,-0.09536000000000001,0.29518,0.79266,0.19416,0.49685
1.3416736842105264,0.03578419667590027,-0.09536,0.29518,0.79266,0.19416,0.49685
1.3435526315789472,0.034967922437673125,-0.09536,0.29518,0.79266,0.19416,0.49685
1.3454315789473685,0.03415164819944598,-0.09536,0.29518,0.79266,0.19416,0.49685
1.3473105263157896,0.033335373961218835,-0.09536,0.29518,0.79266,0.19416,0.49685
1.3491894736842105,0.03251909972299169,-0.09536,0.29518,0.79266,0.19416,0.49685
1.3510684210526316,0.03170282548476454,-0.09536,0.29518,0.79266,0.19416,0.49685
1.3529473684210527,0.030886551246537393,-0.09536,0.29518,0.79266,0.19416,0.49685
1.3548263157894738,0.030070277008310244,-0.09536,0.29518,0.79266,0.19416,0.49685
1.3567052631578949,0.029254002770083096,-0.09536,0.29518,0.79266,0.19416,0.49685
1.3585842105263157,0.02843772853185595,-0.09536,0.29518,0.79266,0.19416,0.49685
1.360463157894737,0.027621454293628805,-0.09536,0.29518,0.79266,0.19416,0.49685
1.3623421052631581,0.026805180055401657,-0.09536,0.29518,0.79266,0.19416,0.49685
1.364221052631579,0.02598890581717451,-0.09536,0.29518,0.79266,0.19416,0.49685
1.3661,0.025172631578947363,-0.09536,0.29518,0.79266,0.19416,0.49685
1.3661,0.025172631578947363,-0.09536,0.29518,0.79266,0.19416,0.49685
1.3642210526315792,0.024356357340720218,-0.09536,0.29518,0.79266,0.19416,0.49685
1.3623421052631581,0.02354008310249307,-0.09536,0.29518,0.79266,0.19416,0.49685
1.360463157894737,0.02272380886426592,-0.09536,0.29518,0.79266,0.19416,0.49685
1.3585842105263157,0.021907534626038776,-0.09536,0.29518,0.79266,0.19416,0.49685
1.3567052631578949,0.02109126038781163,-0.09536000000000001,0.29518,0.79266,0.19416,0.49685
1.3548263157894738,0.020274986149584482,-0.09536,0.29518,0.79266,0.19416,0.49685
1.3529473684210527,0.019458711911357333,-0.09536,0.29518,0.79266,0.19416,0.49685
1.3510684210526316,0.01864243767313019,-0.09536,0.29518,0.79266,0.19416,0.49685
1.3491894736842107,0.017826163434903043,-0.09536,0.29518,0.79266,0.19416,0.49685
1.3473105263157894,0.017009889196675895,-0.09536,0.29518,0.79266,0.19416,0.49685
1.3454315789473685,0.016193614958448746,-0.09536,0.29518,0.79266,0.19416,0.49685
1.3435526315789474,0.0153773407202216,-0.09536,0.29518,0.79266,0.19416,0.49685
1.3416736842105264,0.014561066481994452,-0.09536,0.29518,0.79266,0.19416,0.49685
1.3397947368421053,0.013744792243767307,-0.09536,0.29518,0.79266,0.19416,0.49685
1.3379157894736844,0.012928518005540159,-0.09536,0.29518,0.79266,0.19416,0.49685
1.336036842105263,0.012112243767313013,-0.09536,0.29518,0.79266,0.19416,0.49685
1.334157894736842,0.011295969529085865,-0.09536,0.29518,0.79266,0.19416,0.49685
1.3322789473684211,0.01047969529085872,-0.09536,0.29518,0.79266,0.19416,0.49685
1.3304,0.009663421052631571,-0.09536,0.29518,0.79266,0.19416,0.49685
1.3304,0.009663421052631571,-0.09536,0.29518,0.79266,0.19416,0.49685
1.3322789473684213,0.008847146814404426,-0.09536,0.29518,0.79266,0.19416,0.49685
1.334157894736842,0.008030872576177281,-0.09536,0.29518,0.79266,0.19416,0.49685
1.336036842105263,0.007214598337950135,-0.09536,0.29518,0.79266,0.19416,0.49685
1.3379157894736844,0.006398324099722989,-0.09536,0.29518,0.79266,0.19416,0.49685
1.3397947368421053,0.005582049861495844,-0.09536000000000001,0.29518,0.79266,0.19416,0.49685
1.3416736842105264,0.004765775623268699,-0.09536,0.29518,0.79266,0.19416,0.49685
1.3435526315789472,0.003949501385041553,-0.09536,0.29518,0.79266,0.19416,0.49685
1.3454315789473685,0.0031332271468144076,-0.09536,0.29518,0.79266,0.19416,0.49685
1.3473105263157896,0.0023169529085872633,-0.09536,0.29518,0.79266,0.19416,0.49685
1.3491894736842105,0.0015006786703601169,-0.09536,0.29518,0.79266,0.19416,0.49685
1.3510684210526316,0.0006844044321329705,-0.09536,0.29518,0.79266,0.19416,0.49685
1.3529473684210527,-0.00013186980609417422,-0.09536,0.29518,0.79266,0.19416,0.49685
1.3548263157894738,-0.0009481440443213202,-0.09536,0.29518,0.79266,0.19416,0.49685
1.3567052631578949,-0.001764418282548465,-0.09536,0.29518,0.79266,0.19416,0.49685
1.3585842105263157,-0.002580692520775611,-0.09536,0.29518,0.79266,0.19416,0.49685
1.360463157894737,-0.003396966759002756,-0.09536,0.29518,0.79266,0.19416,0.49685
1.3623421052631581,-0.004213240997229903,-0.09536,0.29518,0.79266,0.19416,0.49685
1.364221052631579,-0.005029515235457046,-0.09536,0.29518,0.79266,0.19416,0.49685
1.3661,-0.005845789473684193,-0.09536,0.29518,0.79266,0.19416,0.49685
1.3661,-0.005845789473684193,-0.09536,0.29518,0.79266,0.19416,0.49685
1.3668736842105265,-0.006662063711911341,-0.09536,0.29518,0.79266,0.19416,0.49685
1.3676473684210528,-0.0074783379501384886,-0.09536,0.29518,0.79266,0.19416,0.49685
1.368421052631579,-0.008294612188365635,-0.09536,0.29518,0.79266,0.19416,0.49685
1.3691947368421054,-0.009110886426592784,-0.09536,0.29518,0.79266,0.19416,0.49685
1.3699684210526317,-0.009927160664819933,-0.09536000000000001,0.29518,0.79266,0.19416,0.49685
1.370742105263158,-0.010743434903047078,-0.09536,0.29518,0.79266,0.19416,0.49685
1.3715157894736842,-0.011559709141274226,-0.09536,0.29518,0.79266,0.19416,0.49685
1.3722894736842104,-0.012375983379501375,-0.09536,0.29518,0.79266,0.19416,0.49685
1.373063157894737,-0.013192257617728522,-0.09536,0.29518,0.79266,0.19416,0.49685
1.3738368421052631,-0.014008531855955669,-0.09536,0.29518,0.79266,0.19416,0.49685
1.3746105263157897,-0.014824806094182817,-0.09536,0.29518,0.79266,0.19416,0.49685
1.3753842105263159,-0.015641080332409966,-0.09536,0.29518,0.79266,0.19416,0.49685
1.376157894736842,-0.016457354570637114,-0.09536,0.29518,0.79266,0.19416,0.49685
1.3769315789473686,-0.01727362880886426,-0.09536,0.29518,0.79266,0.19416,0.49685
1.3777052631578948,-0.018089903047091408,-0.09536,0.29518,0.79266,0.19416,0.49685
1.378478947368421,-0.018906177285318553,-0.09536,0.29518,0.79266,0.19416,0.49685
1.3792526315789473,-0.019722451523545705,-0.09536,0.29518,0.79266,0.19416,0.49685
1.3800263157894737,-0.02053872576177285,-0.09536,0.29518,0.79266,0.19416,0.49685
1.3808,-0.021355,-0.09536,0.29518,0.79266,0.19416,0.49685
1.3808,-0.021355,-0.09536,0.29518,0.79266,0.19416,0.49685
